rank,article,views,date,project
1,Anasayfa,55977,2026-09-25,tr.wikipedia
2,Özel:Ara,13455,2026-09-25,tr.wikipedia
3,UEFA_Uluslar_Ligi,11372,2026-09-25,tr.wikipedia
4,Zinedine_Zidane,5645,2026-09-25,tr.wikipedia
5,Türkiye,4995,2026-09-25,tr.wikipedia
6,Selçuk_Bayraktaroğlu,4409,2026-09-25,tr.wikipedia
7,Seks_ve_Genç_Kız_(film),4363,2026-09-25,tr.wikipedia
8,Jülide_Kural,3939,2026-09-25,tr.wikipedia
9,Kocaeli_Stadyumu,3649,2026-09-25,tr.wikipedia
10,Kylian_Mbappé,3371,2026-09-25,tr.wikipedia
11,Altay_Bayındır,3063,2026-09-25,tr.wikipedia
12,II._Mehmed,2938,2026-09-25,tr.wikipedia
13,Gibi_bölümleri_listesi,2462,2026-09-25,tr.wikipedia
14,2026-27_UEFA_Uluslar_Ligi,2460,2026-09-25,tr.wikipedia
15,Kaşif_Kozinoğlu,2382,2026-09-25,tr.wikipedia
16,Uzun_Hasan,2306,2026-09-25,tr.wikipedia
17,Neşet_Ertaş,2253,2026-09-25,tr.wikipedia
18,Aziz_Sancar,2153,2026-09-25,tr.wikipedia
19,Osmanlı_padişahları_listesi,2118,2026-09-25,tr.wikipedia
20,Vincenzo_Montella,2088,2026-09-25,tr.wikipedia
21,I._Selim,2083,2026-09-25,tr.wikipedia
22,Öztürk_Yılmaz,2059,2026-09-25,tr.wikipedia
23,Husiler,2040,2026-09-25,tr.wikipedia
24,Can_Uzun,1932,2026-09-25,tr.wikipedia
25,II._Bayezid,1922,2026-09-25,tr.wikipedia
26,Ömer_Üründül,1864,2026-09-25,tr.wikipedia
27,Oğuz_Tezmen,1835,2026-09-25,tr.wikipedia
28,Ümit_Yılbar,1796,2026-09-25,tr.wikipedia
29,Kadir_İnanır,1794,2026-09-25,tr.wikipedia
30,Recep_Tayyip_Erdoğan,1733,2026-09-25,tr.wikipedia
31,Arda_Güler,1683,2026-09-25,tr.wikipedia
32,I._Süleyman,1678,2026-09-25,tr.wikipedia
33,2026'da_Türkiye'de_televizyon,1644,2026-09-25,tr.wikipedia
34,Theodore_Kaczynski,1600,2026-09-25,tr.wikipedia
35,Niğbolu_Muharebesi_(1396),1586,2026-09-25,tr.wikipedia
36,Otlukbeli_Muharebesi,1583,2026-09-25,tr.wikipedia
37,Mustafa_Kemal_Atatürk,1580,2026-09-25,tr.wikipedia
38,Melih_Kabasakal,1572,2026-09-25,tr.wikipedia
39,Akkoyunlular,1562,2026-09-25,tr.wikipedia
40,Fransa_millî_futbol_takımı,1451,2026-09-25,tr.wikipedia
41,Tuzlu_Kahve_(dizi),1419,2026-09-25,tr.wikipedia
42,Osmanlı_İmparatorluğu,1403,2026-09-25,tr.wikipedia
43,Bir_sonraki_Türkiye_genel_seçimleri,1398,2026-09-25,tr.wikipedia
44,Burak_Yılmaz,1375,2026-09-25,tr.wikipedia
45,Arka_Sokaklar_(dizi),1374,2026-09-25,tr.wikipedia
46,Levent_İnanır,1367,2026-09-25,tr.wikipedia
47,Türk_dizileri_listesi,1333,2026-09-25,tr.wikipedia
48,2026_Kahramanmaraş_okul_saldırısı,1324,2026-09-25,tr.wikipedia
49,Ester_Expósito,1323,2026-09-25,tr.wikipedia
50,2023_Kahramanmaraş_depremleri,1283,2026-09-25,tr.wikipedia
51,Cinsel_ilişki,1271,2026-09-25,tr.wikipedia
52,Taşacak_Bu_Deniz,1250,2026-09-25,tr.wikipedia
53,Michael_Olise,1248,2026-09-25,tr.wikipedia
54,I._Alâeddin_Keykubad,1229,2026-09-25,tr.wikipedia
55,Enver_Altaylı,1220,2026-09-25,tr.wikipedia
56,Osman_Sınav,1214,2026-09-25,tr.wikipedia
57,II._Selim,1213,2026-09-25,tr.wikipedia
58,Kızılcık_Şerbeti,1209,2026-09-25,tr.wikipedia
59,Özel:SonDeğişiklikler,1195,2026-09-25,tr.wikipedia
60,Bir_sonraki_Türkiye_genel_seçimleri_için_yapılan_anketler,1194,2026-09-25,tr.wikipedia
61,Salih_Özcan,1190,2026-09-25,tr.wikipedia
62,Mansur_Yavaş,1184,2026-09-25,tr.wikipedia
63,Pornografi,1174,2026-09-25,tr.wikipedia
64,Porno_film,1173,2026-09-25,tr.wikipedia
65,Yasemin_Ergene,1172,2026-09-25,tr.wikipedia
66,Kategori:Amerikalı_kadın_pornografik_film_oyuncuları,1169,2026-09-25,tr.wikipedia
67,Şefik_Yılmaz_Dizdar,1166,2026-09-25,tr.wikipedia
68,Halef:_Köklerin_Çağrısı,1161,2026-09-25,tr.wikipedia
69,Deniz_Baysal,1158,2026-09-25,tr.wikipedia
70,Doktorlar_(dizi),1145,2026-09-25,tr.wikipedia
71,Sevdiğim_Sensin,1137,2026-09-25,tr.wikipedia
72,XHamster,1136,2026-09-25,tr.wikipedia
73,Türkiye_millî_futbol_takımı,1134,2026-09-25,tr.wikipedia
74,Hiram_Abas,1092,2026-09-25,tr.wikipedia
75,Binyamin_Netanyahu,1091,2026-09-25,tr.wikipedia
76,Rayan_Cherki,1087,2026-09-25,tr.wikipedia
77,Murat_Ünalmış,1080,2026-09-25,tr.wikipedia
78,Akın_Gürlek,1077,2026-09-25,tr.wikipedia
79,Asena_Keskinci,1076,2026-09-25,tr.wikipedia
80,Doğum_günü_problemi,1071,2026-09-25,tr.wikipedia
81,Zeki_Çelik,1050,2026-09-25,tr.wikipedia
82,25_Eylül,1034,2026-09-25,tr.wikipedia
83,Seks_pozisyonu,1031,2026-09-25,tr.wikipedia
84,III._Murad,1030,2026-09-25,tr.wikipedia
85,Salih_Güney,1029,2026-09-25,tr.wikipedia
86,Yeni_Parti_(2026),1027,2026-09-25,tr.wikipedia
87,III._Mehmed,1008,2026-09-25,tr.wikipedia
88,Ferdi_Kadıoğlu,1007,2026-09-25,tr.wikipedia
89,Ömer_Koç,999,2026-09-25,tr.wikipedia
90,I._Bayezid,988,2026-09-25,tr.wikipedia
91,Abdullah_Çatlı,979,2026-09-25,tr.wikipedia
92,Daha_17_(dizi),978,2026-09-25,tr.wikipedia
93,Şi_Cinping,976,2026-09-25,tr.wikipedia
94,Ousmane_Dembélé,975,2026-09-25,tr.wikipedia
95,Sibel_Kekilli,974,2026-09-25,tr.wikipedia
96,Busenaz_Sürmeneli,973,2026-09-25,tr.wikipedia
97,Cristiano_Ronaldo,967,2026-09-25,tr.wikipedia
98,Aşk_ve_Taht,966,2026-09-25,tr.wikipedia
99,Elif_Eralp,958,2026-09-25,tr.wikipedia
100,Merih_Demiral,957,2026-09-25,tr.wikipedia
101,Erhan_Çelik,956,2026-09-25,tr.wikipedia
102,Biran_Damla_Yılmaz,946,2026-09-25,tr.wikipedia
103,II._Murad,943,2026-09-25,tr.wikipedia
104,Altı_Üstü_İstanbul,942,2026-09-25,tr.wikipedia
105,Semih_Tufan_Gülaltay,939,2026-09-25,tr.wikipedia
106,Abdullah_Öcalan,936,2026-09-25,tr.wikipedia
107,İstanbul,929,2026-09-25,tr.wikipedia
108,Tripoliçe_Katliamı,926,2026-09-25,tr.wikipedia
109,II._Abdülhamid,920,2026-09-25,tr.wikipedia
110,YouTube,915,2026-09-25,tr.wikipedia
111,Zeki_Müren,902,2026-09-25,tr.wikipedia
112,III._Selim,901,2026-09-25,tr.wikipedia
113,Amerika_Birleşik_Devletleri,900,2026-09-25,tr.wikipedia
114,Türkiye'deki_okul_saldırıları_listesi,899,2026-09-25,tr.wikipedia
115,Hürrem_Sultan,896,2026-09-25,tr.wikipedia
116,Muhsin_Yazıcıoğlu,895,2026-09-25,tr.wikipedia
117,Türkiye_Cumhuriyeti_banknotları,892,2026-09-25,tr.wikipedia
118,I._Ahmed,882,2026-09-25,tr.wikipedia
119,Muhammed_Salah,881,2026-09-25,tr.wikipedia
120,2026-27_UEFA_Uluslar_A_Ligi,878,2026-09-25,tr.wikipedia
121,Alaattin_Çakıcı,877,2026-09-25,tr.wikipedia
122,Emre_Alkin,875,2026-09-25,tr.wikipedia
123,Hakan_Fidan,871,2026-09-25,tr.wikipedia
124,I._Murad,867,2026-09-25,tr.wikipedia
125,2026_Manisa_okul_saldırısı,866,2026-09-25,tr.wikipedia
126,Kurtlar_Vadisi_(dizi),865,2026-09-25,tr.wikipedia
127,Gedik_Ahmed_Paşa,864,2026-09-25,tr.wikipedia
128,IV._Murad,851,2026-09-25,tr.wikipedia
129,"Yeraltı_(dizi,_2026)",849,2026-09-25,tr.wikipedia
129,Paradox_Interactive,849,2026-09-25,tr.wikipedia
131,A.B.İ.,847,2026-09-25,tr.wikipedia
131,Oğuz_Aydın,847,2026-09-25,tr.wikipedia
133,Necati_Şaşmaz,839,2026-09-25,tr.wikipedia
134,Pargalı_İbrahim_Paşa,833,2026-09-25,tr.wikipedia
135,Mike_Maignan,829,2026-09-25,tr.wikipedia
136,Mehmet_Şimşek,817,2026-09-25,tr.wikipedia
137,Atv_(Türkiye),815,2026-09-25,tr.wikipedia
138,EuroLeague,810,2026-09-25,tr.wikipedia
139,The_Wire,808,2026-09-25,tr.wikipedia
140,Nüfusuna_göre_Türkiye'nin_illeri,806,2026-09-25,tr.wikipedia
141,Yapay_zekâ,805,2026-09-25,tr.wikipedia
142,Havvanur_Kethüda,799,2026-09-25,tr.wikipedia
143,Teşkilat_(dizi),797,2026-09-25,tr.wikipedia
144,Fransa,778,2026-09-25,tr.wikipedia
145,İsmet_İnönü,774,2026-09-25,tr.wikipedia
146,Amed_SFK,766,2026-09-25,tr.wikipedia
147,The_Mentalist,765,2026-09-25,tr.wikipedia
148,Kürşat_Yılmaz,763,2026-09-25,tr.wikipedia
148,Vitamin,763,2026-09-25,tr.wikipedia
150,Avrupa_Futbol_Şampiyonası,760,2026-09-25,tr.wikipedia
151,Mekke_Ortak_Savunma_Antlaşması,759,2026-09-25,tr.wikipedia
151,Susan_Sarandon,759,2026-09-25,tr.wikipedia
153,Monako,756,2026-09-25,tr.wikipedia
153,Sarallar,756,2026-09-25,tr.wikipedia
155,Anal_seks,752,2026-09-25,tr.wikipedia
155,I._İsmail,752,2026-09-25,tr.wikipedia
157,Uzak_Şehir,749,2026-09-25,tr.wikipedia
157,İlhan_Fakılı,749,2026-09-25,tr.wikipedia
159,Simon_Baker,745,2026-09-25,tr.wikipedia
159,Cumhuriyet_Halk_Partisi,745,2026-09-25,tr.wikipedia
161,Kurtlar_Vadisi_Pusu,744,2026-09-25,tr.wikipedia
162,Rahmi_Koç,736,2026-09-25,tr.wikipedia
163,Gülsen_Tuncer,728,2026-09-25,tr.wikipedia
164,Damat_Koğuşu,725,2026-09-25,tr.wikipedia
164,2026_FIFA_Dünya_Kupası,725,2026-09-25,tr.wikipedia
164,II._Mahmud,725,2026-09-25,tr.wikipedia
167,Türkiye'nin_en_zengin_100_ailesi_listesi,724,2026-09-25,tr.wikipedia
168,Emrah_Yaşar,722,2026-09-25,tr.wikipedia
169,Şehzade_Mustafa,714,2026-09-25,tr.wikipedia
169,I._Mustafa,714,2026-09-25,tr.wikipedia
171,Veli_Küçük,713,2026-09-25,tr.wikipedia
171,2026_Şanlıurfa_okul_saldırısı,713,2026-09-25,tr.wikipedia
173,Bir_sonraki_Türkiye_yerel_seçimleri,712,2026-09-25,tr.wikipedia
174,Kızılcık_Şerbeti_karakterleri_listesi,705,2026-09-25,tr.wikipedia
175,Fenerbahçe_(basketbol_takımı),704,2026-09-25,tr.wikipedia
176,Albert_Einstein,700,2026-09-25,tr.wikipedia
177,Derya_Alabora,698,2026-09-25,tr.wikipedia
178,Abdülkerim_Bardakcı,697,2026-09-25,tr.wikipedia
179,Enver_Paşa,696,2026-09-25,tr.wikipedia
180,Soner_Arıca,693,2026-09-25,tr.wikipedia
181,2028_Avrupa_Futbol_Şampiyonası,692,2026-09-25,tr.wikipedia
182,Ozan_Dolunay,686,2026-09-25,tr.wikipedia
182,Manifest_(müzik_grubu),686,2026-09-25,tr.wikipedia
184,Aronia,685,2026-09-25,tr.wikipedia
185,Semahat_Arsel,678,2026-09-25,tr.wikipedia
186,Kurtlar_Vadisi_Pusu_karakterleri_listesi,673,2026-09-25,tr.wikipedia
187,Hasan_Piker,672,2026-09-25,tr.wikipedia
187,Şehzade_Mustafa_(II._Mehmed'in_oğlu),672,2026-09-25,tr.wikipedia
189,I._Mehmed,671,2026-09-25,tr.wikipedia
190,VI._Mehmed,669,2026-09-25,tr.wikipedia
190,IV._Mehmed,669,2026-09-25,tr.wikipedia
192,Dilber_Ay,668,2026-09-25,tr.wikipedia
193,Neslihan_Acar,667,2026-09-25,tr.wikipedia
194,Dosya:Secondary_tumor_deposits_in_the_liver_from_a_primary_cancer_of_the_pancreas.jpg,665,2026-09-25,tr.wikipedia
195,Takvim_(gazete),664,2026-09-25,tr.wikipedia
196,Erdoğan_Arıca,663,2026-09-25,tr.wikipedia
197,Ülkeler_listesi,662,2026-09-25,tr.wikipedia
197,Helin_Kandemir,662,2026-09-25,tr.wikipedia
199,Uğurcan_Çakır,661,2026-09-25,tr.wikipedia
200,Melis_Sezen,657,2026-09-25,tr.wikipedia
201,Münevver_Karabulut_cinayeti,656,2026-09-25,tr.wikipedia
202,Jön_Türkler,653,2026-09-25,tr.wikipedia
203,Elçin_Sangu,652,2026-09-25,tr.wikipedia
204,Binnur_Kaya,646,2026-09-25,tr.wikipedia
205,Türkiye'de_yayın_yapan_televizyon_kanalları_listesi,645,2026-09-25,tr.wikipedia
206,Odyssey_(film),643,2026-09-25,tr.wikipedia
207,Cem_Sultan,642,2026-09-25,tr.wikipedia
208,Ahmet_Burak_Erdoğan,640,2026-09-25,tr.wikipedia
209,Mehmet_Eymür,638,2026-09-25,tr.wikipedia
209,Türk_Silahlı_Kuvvetleri_genelkurmay_başkanları_listesi,638,2026-09-25,tr.wikipedia
211,İbrahim_(Osmanlı_padişahı),630,2026-09-25,tr.wikipedia
212,Ermeni_Kırımı,628,2026-09-25,tr.wikipedia
213,Mehmed:_Fetihler_Sultanı,627,2026-09-25,tr.wikipedia
214,Doğu_Perinçek,622,2026-09-25,tr.wikipedia
215,Yakınlarını_Kaybetmiş_Aileler_Derneği,621,2026-09-25,tr.wikipedia
216,Jasmine_(dizi),619,2026-09-25,tr.wikipedia
217,PKK,618,2026-09-25,tr.wikipedia
218,Q,615,2026-09-25,tr.wikipedia
219,Ali_Koç,612,2026-09-25,tr.wikipedia
220,Kenan_Evren,608,2026-09-25,tr.wikipedia
220,Barış_Alper_Yılmaz,608,2026-09-25,tr.wikipedia
222,Azerbaycan,607,2026-09-25,tr.wikipedia
223,Türk_Silahlı_Kuvvetleri_Genelkurmay_Başkanlığı,606,2026-09-25,tr.wikipedia
224,FIFA_Dünya_Kupası,605,2026-09-25,tr.wikipedia
224,İntihar_yöntemleri,605,2026-09-25,tr.wikipedia
224,Süper_Lig_şampiyonları_listesi,605,2026-09-25,tr.wikipedia
227,Nebahat_Çehre,603,2026-09-25,tr.wikipedia
228,Kategori:Türkçe_soyadları,602,2026-09-25,tr.wikipedia
228,Kurtlar_Vadisi_karakterleri_listesi,602,2026-09-25,tr.wikipedia
230,Burak_Özçivit,598,2026-09-25,tr.wikipedia
231,Raci_Şaşmaz,597,2026-09-25,tr.wikipedia
231,Abdülmecid,597,2026-09-25,tr.wikipedia
233,II._Osman,596,2026-09-25,tr.wikipedia
234,Bizimkiler_(dizi),595,2026-09-25,tr.wikipedia
234,Türkiye'nin_illeri,595,2026-09-25,tr.wikipedia
236,2024-25_UEFA_Uluslar_Ligi,593,2026-09-25,tr.wikipedia
237,Gat_(bitki),592,2026-09-25,tr.wikipedia
237,Alparslan_Türkeş,592,2026-09-25,tr.wikipedia
239,Yemen,586,2026-09-25,tr.wikipedia
239,500_veya_daha_fazla_gol_atan_futbolcular_listesi,586,2026-09-25,tr.wikipedia
241,Muhtemel_Aşk,581,2026-09-25,tr.wikipedia
242,Aileen_Wuornos,578,2026-09-25,tr.wikipedia
243,Cihangir_Ceyhan,576,2026-09-25,tr.wikipedia
244,Napolyon_Bonapart,574,2026-09-25,tr.wikipedia
245,Yenilik_Partisi,573,2026-09-25,tr.wikipedia
246,Vehbi_Koç,570,2026-09-25,tr.wikipedia
247,Sedat_Şahin,566,2026-09-25,tr.wikipedia
247,Türkiye_cumhurbaşkanları_listesi,566,2026-09-25,tr.wikipedia
249,Çin,564,2026-09-25,tr.wikipedia
250,Pepeçura,562,2026-09-25,tr.wikipedia
251,15_Temmuz_Darbe_Girişimi,557,2026-09-25,tr.wikipedia
252,Serhat_Kılıç,554,2026-09-25,tr.wikipedia
252,Hatice_Akbaş,554,2026-09-25,tr.wikipedia
254,Türk_Silahlı_Kuvvetleri,553,2026-09-25,tr.wikipedia
255,69_(seks_pozisyonu),552,2026-09-25,tr.wikipedia
255,M12_(İstanbul_Metrosu),552,2026-09-25,tr.wikipedia
257,Erkek_erkeğe_seks,550,2026-09-25,tr.wikipedia
258,Süleyman_Seba,549,2026-09-25,tr.wikipedia
259,Büyük_Selçuklu_İmparatorluğu,548,2026-09-25,tr.wikipedia
260,Adolf_Hitler,547,2026-09-25,tr.wikipedia
261,Alparslan_Arslan,544,2026-09-25,tr.wikipedia
261,Naim_Süleymanoğlu,544,2026-09-25,tr.wikipedia
261,Metin_Gürak,544,2026-09-25,tr.wikipedia
264,Bahar_Feyzan,542,2026-09-25,tr.wikipedia
264,Birleşmiş_Milletler,542,2026-09-25,tr.wikipedia
264,Şehzade_Bayezid_(I._Süleyman'ın_oğlu),542,2026-09-25,tr.wikipedia
264,Deniz_Gül,542,2026-09-25,tr.wikipedia
268,Abdülaziz,541,2026-09-25,tr.wikipedia
269,Pentagram_(müzik_grubu),537,2026-09-25,tr.wikipedia
270,Muhteşem_Yüzyıl,533,2026-09-25,tr.wikipedia
271,Mahmut_Yıldırım,532,2026-09-25,tr.wikipedia
272,Felix_Zwayer,530,2026-09-25,tr.wikipedia
272,Şevval_Sam,530,2026-09-25,tr.wikipedia
272,Veli_Mahmud_Paşa,530,2026-09-25,tr.wikipedia
275,Besnik_Hasi,529,2026-09-25,tr.wikipedia
275,İbrahim_Kalın,529,2026-09-25,tr.wikipedia
277,Kösem_Sultan,528,2026-09-25,tr.wikipedia
278,XNXX,524,2026-09-25,tr.wikipedia
279,İttihat_ve_Terakki,522,2026-09-25,tr.wikipedia
280,Haluk_Bilginer,520,2026-09-25,tr.wikipedia
281,Sedat_Peker,519,2026-09-25,tr.wikipedia
282,Süleyman,518,2026-09-25,tr.wikipedia
283,Cahit_Arf,516,2026-09-25,tr.wikipedia
283,Kutsi,516,2026-09-25,tr.wikipedia
285,Ali_Kuşçu,515,2026-09-25,tr.wikipedia
286,Donald_Trump,513,2026-09-25,tr.wikipedia
286,Fethullah_Gülen,513,2026-09-25,tr.wikipedia
288,İsrail,512,2026-09-25,tr.wikipedia
288,Almanya,512,2026-09-25,tr.wikipedia
290,Türk_Kurtuluş_Savaşı,511,2026-09-25,tr.wikipedia
291,Mehmet_Ağar,509,2026-09-25,tr.wikipedia
292,Birleşmiş_Milletler_üyesi_devletler,508,2026-09-25,tr.wikipedia
292,Alper_Gezeravcı,508,2026-09-25,tr.wikipedia
294,Süleyman_Demirel,506,2026-09-25,tr.wikipedia
295,Uğur_Uçar,501,2026-09-25,tr.wikipedia
296,M11_(İstanbul_Metrosu),498,2026-09-25,tr.wikipedia
297,XXX,496,2026-09-25,tr.wikipedia
298,Ergin_Ataman,495,2026-09-25,tr.wikipedia
298,Yaşar_Güler,495,2026-09-25,tr.wikipedia
300,Osman_Gazi,494,2026-09-25,tr.wikipedia
300,Seray_Kaya,494,2026-09-25,tr.wikipedia
300,Muhammed,494,2026-09-25,tr.wikipedia
303,2026_Avrupa_Erkekler_Voleybol_Şampiyonası,493,2026-09-25,tr.wikipedia
303,Ankara_Garı_Saldırısı,493,2026-09-25,tr.wikipedia
305,Vikipedi,491,2026-09-25,tr.wikipedia
306,Fuat_Doğu,490,2026-09-25,tr.wikipedia
307,Rum_Mehmed_Paşa,489,2026-09-25,tr.wikipedia
308,Karadağ,488,2026-09-25,tr.wikipedia
308,Cem_Ersever,488,2026-09-25,tr.wikipedia
310,Karakoyunlular,487,2026-09-25,tr.wikipedia
311,Özge_Özacar,486,2026-09-25,tr.wikipedia
312,Google_Chrome,485,2026-09-25,tr.wikipedia
312,Marie_Curie,485,2026-09-25,tr.wikipedia
314,Hayyam_Garipoğlu,483,2026-09-25,tr.wikipedia
314,Turgut_Özal,483,2026-09-25,tr.wikipedia
316,I._Dünya_Savaşı,482,2026-09-25,tr.wikipedia
317,Safevîler,477,2026-09-25,tr.wikipedia
318,Sovyetler_Birliği,475,2026-09-25,tr.wikipedia
318,26_Eylül,475,2026-09-25,tr.wikipedia
320,Birleşik_Krallık,473,2026-09-25,tr.wikipedia
320,III._Ahmed,473,2026-09-25,tr.wikipedia
322,Türkler,472,2026-09-25,tr.wikipedia
322,Eda_Ece,472,2026-09-25,tr.wikipedia
322,Türkiye_başbakanları_listesi,472,2026-09-25,tr.wikipedia
325,Buse_Naz_Çakıroğlu,470,2026-09-25,tr.wikipedia
326,Adnan_Menderes,468,2026-09-25,tr.wikipedia
327,Galatasaray_(futbol_takımı),467,2026-09-25,tr.wikipedia
328,Adrien_Rabiot,466,2026-09-25,tr.wikipedia
329,Güller_ve_Günahlar,465,2026-09-25,tr.wikipedia
330,Sıfır_Bir,464,2026-09-25,tr.wikipedia
330,Tarık_Ümit,464,2026-09-25,tr.wikipedia
332,Rusya,462,2026-09-25,tr.wikipedia
332,Vajina,462,2026-09-25,tr.wikipedia
332,Demet_Mutlu,462,2026-09-25,tr.wikipedia
335,Ekin_Koç,461,2026-09-25,tr.wikipedia
336,Bülent_Ecevit,459,2026-09-25,tr.wikipedia
337,II._Abdullah,458,2026-09-25,tr.wikipedia
337,V._Mehmed,458,2026-09-25,tr.wikipedia
339,Zohran_Mamdani,457,2026-09-25,tr.wikipedia
339,Necip_Hablemitoğlu,457,2026-09-25,tr.wikipedia
341,Güneş,455,2026-09-25,tr.wikipedia
341,Mezarlık_(film_serisi),455,2026-09-25,tr.wikipedia
341,Doğu_Demirkol,455,2026-09-25,tr.wikipedia
344,II._Mustafa,454,2026-09-25,tr.wikipedia
344,Usame_bin_Ladin,454,2026-09-25,tr.wikipedia
344,Aytaç_Şaşmaz,454,2026-09-25,tr.wikipedia
347,Tayland,453,2026-09-25,tr.wikipedia
348,Ruzi_Nazar,452,2026-09-25,tr.wikipedia
349,Kenan_İmirzalıoğlu,451,2026-09-25,tr.wikipedia
350,Murat_Aygen,450,2026-09-25,tr.wikipedia
351,Anadolu_Selçuklu_Devleti,449,2026-09-25,tr.wikipedia
352,Uğurlu_Mehmed_Bey,446,2026-09-25,tr.wikipedia
353,Cevdet_Yılmaz,445,2026-09-25,tr.wikipedia
353,Kemal_Sunal,445,2026-09-25,tr.wikipedia
355,II._Dünya_Savaşı,444,2026-09-25,tr.wikipedia
356,I._Abdülhamid,443,2026-09-25,tr.wikipedia
356,Ulaş_Tuna_Astepe,443,2026-09-25,tr.wikipedia
358,Kürdistan_Bölgesel_Yönetimi,441,2026-09-25,tr.wikipedia
359,IV._Mustafa,439,2026-09-25,tr.wikipedia
359,Despina_Hatun,439,2026-09-25,tr.wikipedia
361,Ava_Yaman,438,2026-09-25,tr.wikipedia
362,Birinci_Dağlık_Karabağ_Savaşı,437,2026-09-25,tr.wikipedia
362,Dayot_Upamecano,437,2026-09-25,tr.wikipedia
362,Birce_Akalay,437,2026-09-25,tr.wikipedia
365,Osman_Kavala,436,2026-09-25,tr.wikipedia
366,2026-27_Profesyonelliğe_Geçiş_Ligi,435,2026-09-25,tr.wikipedia
366,V._Murad,435,2026-09-25,tr.wikipedia
366,Recep_Yazıcıoğlu,435,2026-09-25,tr.wikipedia
369,Çağan_Efe_Ak,434,2026-09-25,tr.wikipedia
369,Cengiz_Han,434,2026-09-25,tr.wikipedia
369,Kosova_Kurtuluş_Ordusu,434,2026-09-25,tr.wikipedia
372,Adalet_ve_Kalkınma_Partisi,433,2026-09-25,tr.wikipedia
373,Yüzölçümlerine_göre_ülkeler_listesi,432,2026-09-25,tr.wikipedia
373,Ed_Gein,432,2026-09-25,tr.wikipedia
375,Okan_Buruk,431,2026-09-25,tr.wikipedia
375,Deniz_Gezmiş,431,2026-09-25,tr.wikipedia
377,Fenerbahçe_(futbol_takımı),428,2026-09-25,tr.wikipedia
377,Tuzlu_Kahve,428,2026-09-25,tr.wikipedia
377,Tuba_Büyüküstün,428,2026-09-25,tr.wikipedia
380,Parmaklama_(cinsel_eylem),427,2026-09-25,tr.wikipedia
380,Yandex,427,2026-09-25,tr.wikipedia
380,Burcu_Özberk,427,2026-09-25,tr.wikipedia
383,Esat_Oktay_Yıldıran,426,2026-09-25,tr.wikipedia
383,Selçuk_Bayraktar,426,2026-09-25,tr.wikipedia
383,Fatih_Terim,426,2026-09-25,tr.wikipedia
386,Facebook,424,2026-09-25,tr.wikipedia
386,Karagümrük_çetesi,424,2026-09-25,tr.wikipedia
386,Türkan_Şoray,424,2026-09-25,tr.wikipedia
386,Hayri_İpar,424,2026-09-25,tr.wikipedia
390,Gül_Onat,423,2026-09-25,tr.wikipedia
390,Rusya-Ukrayna_Savaşı,423,2026-09-25,tr.wikipedia
390,Johnny_Sins,423,2026-09-25,tr.wikipedia
393,Özge_Borak,422,2026-09-25,tr.wikipedia
393,E-Devlet_(Türkiye),422,2026-09-25,tr.wikipedia
393,Ankara,422,2026-09-25,tr.wikipedia
396,Timur,418,2026-09-25,tr.wikipedia
397,Kenan_Yıldız,417,2026-09-25,tr.wikipedia
397,Jägermeister,417,2026-09-25,tr.wikipedia
399,Suudi_Arabistan,416,2026-09-25,tr.wikipedia
400,Kazakistan,415,2026-09-25,tr.wikipedia
400,İnnâ_lillâhi_ve_innâ_ileyhi_raciun,415,2026-09-25,tr.wikipedia
402,Teoman_(şarkıcı),414,2026-09-25,tr.wikipedia
402,İsmail_Haniye,414,2026-09-25,tr.wikipedia
404,Shavon_Shields,413,2026-09-25,tr.wikipedia
404,Suat_Suna,413,2026-09-25,tr.wikipedia
406,Gheorghe_Hagi,412,2026-09-25,tr.wikipedia
406,Göbeklitepe,412,2026-09-25,tr.wikipedia
406,Buğra_Gülsoy,412,2026-09-25,tr.wikipedia
409,2024_Türkiye_yerel_seçimleri,411,2026-09-25,tr.wikipedia
410,Portekiz,410,2026-09-25,tr.wikipedia
411,Nikola_Tesla,408,2026-09-25,tr.wikipedia
411,Željko_Obradović,408,2026-09-25,tr.wikipedia
411,Besim_Tibuk,408,2026-09-25,tr.wikipedia
411,Mehmet_Fatih_Kacır,408,2026-09-25,tr.wikipedia
411,Didier_Deschamps,408,2026-09-25,tr.wikipedia
416,Ahmet_Mümtaz_Taylan,407,2026-09-25,tr.wikipedia
417,Bernard_Madoff,405,2026-09-25,tr.wikipedia
417,Seksenler,405,2026-09-25,tr.wikipedia
419,İsmail_Hakkı_Karadayı,404,2026-09-25,tr.wikipedia
420,Yunus_Emre,403,2026-09-25,tr.wikipedia
421,Mihrimah_Sultan_(I._Süleyman'ın_kızı),402,2026-09-25,tr.wikipedia
421,Erkan_Avcı,402,2026-09-25,tr.wikipedia
421,Dia_Saba,402,2026-09-25,tr.wikipedia
424,Süper_Lig,401,2026-09-25,tr.wikipedia
425,III._Mustafa,400,2026-09-25,tr.wikipedia
425,Hakan_Şükür,400,2026-09-25,tr.wikipedia
427,Çandarlı_Halil_Paşa,399,2026-09-25,tr.wikipedia
427,III._Charles,399,2026-09-25,tr.wikipedia
427,Kıvanç_Tatlıtuğ,399,2026-09-25,tr.wikipedia
430,Marsilya,398,2026-09-25,tr.wikipedia
430,Evrim_Alasya,398,2026-09-25,tr.wikipedia
430,Mustafa_Koç,398,2026-09-25,tr.wikipedia
433,Barda,396,2026-09-25,tr.wikipedia
433,Orhan_Gazi,396,2026-09-25,tr.wikipedia
435,Miray_Daner,395,2026-09-25,tr.wikipedia
435,Oral_seks,395,2026-09-25,tr.wikipedia
437,IV._Baudouin,393,2026-09-25,tr.wikipedia
438,Hafsanur_Sancaktutan,392,2026-09-25,tr.wikipedia
438,Aşkın_Nur_Yengi,392,2026-09-25,tr.wikipedia
438,Sokollu_Mehmed_Paşa,392,2026-09-25,tr.wikipedia
441,İnsan_penisi,391,2026-09-25,tr.wikipedia
441,Selahaddin_Eyyûbî,391,2026-09-25,tr.wikipedia
441,Talat_Paşa,391,2026-09-25,tr.wikipedia
441,Navarin_Katliamı,391,2026-09-25,tr.wikipedia
441,Dünya_5'ten_büyüktür,391,2026-09-25,tr.wikipedia
446,Özgür_Özel,390,2026-09-25,tr.wikipedia
446,Kerem_Aktürkoğlu,390,2026-09-25,tr.wikipedia
448,Real_Madrid_CF,388,2026-09-25,tr.wikipedia
448,Kosova,388,2026-09-25,tr.wikipedia
448,Vedat_Muriqi,388,2026-09-25,tr.wikipedia
448,Celâl_Bayar,388,2026-09-25,tr.wikipedia
452,Nurbanu_Sultan,387,2026-09-25,tr.wikipedia
453,III._Vlad,386,2026-09-25,tr.wikipedia
453,Ayça_Ayşin_Turan,386,2026-09-25,tr.wikipedia
455,Pornhub,384,2026-09-25,tr.wikipedia
455,Şener_Şen,384,2026-09-25,tr.wikipedia
457,Hulusi_Akar,381,2026-09-25,tr.wikipedia
457,Adile_Naşit,381,2026-09-25,tr.wikipedia
459,Nevra_Serezli,379,2026-09-25,tr.wikipedia
459,VIII._Henry,379,2026-09-25,tr.wikipedia
459,Diyarbakır,379,2026-09-25,tr.wikipedia
462,Hasan_Atilla_Uğur,378,2026-09-25,tr.wikipedia
462,Zağanos_Paşa,378,2026-09-25,tr.wikipedia
462,İnci_Taneleri,378,2026-09-25,tr.wikipedia
462,Orgazm,378,2026-09-25,tr.wikipedia
466,Nazi_Almanyası,377,2026-09-25,tr.wikipedia
467,Yavuz_Ağıralioğlu,376,2026-09-25,tr.wikipedia
467,LC_Waikiki,376,2026-09-25,tr.wikipedia
469,Türk_Kara_Kuvvetleri,375,2026-09-25,tr.wikipedia
469,Hunter_Schafer,375,2026-09-25,tr.wikipedia
471,Lionel_Messi,374,2026-09-25,tr.wikipedia
471,Jonah_Mathews,374,2026-09-25,tr.wikipedia
473,Yılmaz_Güney,373,2026-09-25,tr.wikipedia
473,Hamdi_Ulukaya,373,2026-09-25,tr.wikipedia
473,Arda_Turan,373,2026-09-25,tr.wikipedia
473,Sürtünme_yoluyla_cinsel_ilişki,373,2026-09-25,tr.wikipedia
477,Erotik_film,372,2026-09-25,tr.wikipedia
478,Eşref_Rüya,371,2026-09-25,tr.wikipedia
479,Ümit_Boyner,370,2026-09-25,tr.wikipedia
479,"Resident_Evil_(film,_2026)",370,2026-09-25,tr.wikipedia
479,Türkiye'deki_futbol_stadyumları_listesi,370,2026-09-25,tr.wikipedia
482,Mustafa_Ilıcalı,369,2026-09-25,tr.wikipedia
483,11_Eylül_saldırıları,368,2026-09-25,tr.wikipedia
483,Akasya_Durağı,368,2026-09-25,tr.wikipedia
483,Che_Guevara,368,2026-09-25,tr.wikipedia
486,İmran_Han,365,2026-09-25,tr.wikipedia
487,Yunanistan,364,2026-09-25,tr.wikipedia
487,Yusuf_Tekin,364,2026-09-25,tr.wikipedia
487,Birleşik_Arap_Emirlikleri,364,2026-09-25,tr.wikipedia
490,Kuzey_Kıbrıs_Türk_Cumhuriyeti,362,2026-09-25,tr.wikipedia
490,Ahmet_Kaya,362,2026-09-25,tr.wikipedia
492,2023_Türkiye_genel_seçimleri,361,2026-09-25,tr.wikipedia
492,Hünnap,361,2026-09-25,tr.wikipedia
492,Mete_İnselel,361,2026-09-25,tr.wikipedia
495,Özbekistan,359,2026-09-25,tr.wikipedia
495,Bergüzar_Korel,359,2026-09-25,tr.wikipedia
495,Cevher_Özden,359,2026-09-25,tr.wikipedia
495,Türkiye_Büyük_Millet_Meclisi,359,2026-09-25,tr.wikipedia
499,Eşkıya_Dünyaya_Hükümdar_Olmaz_(dizi),358,2026-09-25,tr.wikipedia
499,Aziz_Yıldırım,358,2026-09-25,tr.wikipedia
499,İbrahim_Tatlıses,358,2026-09-25,tr.wikipedia
502,Etiyopya,357,2026-09-25,tr.wikipedia
503,Ekrem_İmamoğlu,356,2026-09-25,tr.wikipedia
504,Erling_Haaland,355,2026-09-25,tr.wikipedia
504,Ay,355,2026-09-25,tr.wikipedia
506,Ertuğrul_Gazi,354,2026-09-25,tr.wikipedia
507,Gamze_Özçelik,353,2026-09-25,tr.wikipedia
507,Gazi_Yaşargil,353,2026-09-25,tr.wikipedia
507,II._Ahmed,353,2026-09-25,tr.wikipedia
507,İran,353,2026-09-25,tr.wikipedia
511,Masum_Türker,352,2026-09-25,tr.wikipedia
511,İkinci_Dağlık_Karabağ_Savaşı,352,2026-09-25,tr.wikipedia
511,Kürtler,352,2026-09-25,tr.wikipedia
511,Emine_Erdoğan,352,2026-09-25,tr.wikipedia
515,Türkmenistan,351,2026-09-25,tr.wikipedia
515,I._Mahmud,351,2026-09-25,tr.wikipedia
515,UEFA_Şampiyonlar_Ligi,351,2026-09-25,tr.wikipedia
515,Sabiha_Gökçen,351,2026-09-25,tr.wikipedia
519,Bir_sonraki_Türkiye_cumhurbaşkanlığı_seçimi,349,2026-09-25,tr.wikipedia
519,12_Eylül_Darbesi,349,2026-09-25,tr.wikipedia
519,Cezerî,349,2026-09-25,tr.wikipedia
519,Javier_Milei,349,2026-09-25,tr.wikipedia
523,Burhan_Özfatura,348,2026-09-25,tr.wikipedia
523,Abdullah_Gül,348,2026-09-25,tr.wikipedia
523,II._Elizabeth,348,2026-09-25,tr.wikipedia
523,Millî_İstihbarat_Teşkilatı,348,2026-09-25,tr.wikipedia
523,Batman_Başlıyor,348,2026-09-25,tr.wikipedia
528,Pablo_Escobar,346,2026-09-25,tr.wikipedia
528,Gift_Orban,346,2026-09-25,tr.wikipedia
528,Fethullahçılar,346,2026-09-25,tr.wikipedia
531,2027_UEFA_ülkeler_sıralaması,344,2026-09-25,tr.wikipedia
531,Mehmed:_Fetihler_Sultanı_karakterleri_listesi,344,2026-09-25,tr.wikipedia
533,Ponzi_şeması,343,2026-09-25,tr.wikipedia
533,Mus'ab_bin_Umeyr,343,2026-09-25,tr.wikipedia
533,Daltonlar_Çetesi,343,2026-09-25,tr.wikipedia
536,Şenkal_Atasagun,342,2026-09-25,tr.wikipedia
536,Dündar_Kılıç,342,2026-09-25,tr.wikipedia
536,Beşiktaş_(futbol_takımı),342,2026-09-25,tr.wikipedia
536,Musa_Avsever,342,2026-09-25,tr.wikipedia
536,Fevzi_Çakmak,342,2026-09-25,tr.wikipedia
541,Sami_Yusuf,340,2026-09-25,tr.wikipedia
541,Hentai,340,2026-09-25,tr.wikipedia
543,Kıbrıs_Harekâtı,339,2026-09-25,tr.wikipedia
544,Galileo_Galilei,338,2026-09-25,tr.wikipedia
544,Kocaeli,338,2026-09-25,tr.wikipedia
544,Dosya:Flag_of_Turkey.svg,338,2026-09-25,tr.wikipedia
544,Arnavutluk,338,2026-09-25,tr.wikipedia
548,Monte_Carlo,337,2026-09-25,tr.wikipedia
549,Berat_Albayrak,336,2026-09-25,tr.wikipedia
549,Hakan_Çalhanoğlu,336,2026-09-25,tr.wikipedia
551,İstiklâl_Marşı,335,2026-09-25,tr.wikipedia
551,İskender,335,2026-09-25,tr.wikipedia
551,Bergen_(şarkıcı),335,2026-09-25,tr.wikipedia
554,Bizans_İmparatorluğu,333,2026-09-25,tr.wikipedia
554,Türkiye_millî_futbol_takımı_maçları_listesi,333,2026-09-25,tr.wikipedia
554,Uğur_Yücel,333,2026-09-25,tr.wikipedia
557,Osmanlı_sadrazamları_listesi,332,2026-09-25,tr.wikipedia
557,Reshad_Strik,332,2026-09-25,tr.wikipedia
557,Türk_bilim_insanları_listesi,332,2026-09-25,tr.wikipedia
560,A_Spor,331,2026-09-25,tr.wikipedia
561,Pakistan,330,2026-09-25,tr.wikipedia
561,İlham_Aliyev,330,2026-09-25,tr.wikipedia
561,Rusya'nın_Ukrayna'yı_işgali,330,2026-09-25,tr.wikipedia
561,Ballon_d'Or,330,2026-09-25,tr.wikipedia
565,İtalya_millî_futbol_takımı,328,2026-09-25,tr.wikipedia
565,Kocaelispor,328,2026-09-25,tr.wikipedia
567,Binali_Yıldırım,327,2026-09-25,tr.wikipedia
567,Lihtenştayn,327,2026-09-25,tr.wikipedia
567,Korkut_Eken,327,2026-09-25,tr.wikipedia
567,Pınar_Altuğ,327,2026-09-25,tr.wikipedia
571,2026_UEFA_ülkeler_sıralaması,326,2026-09-25,tr.wikipedia
571,İtalya,326,2026-09-25,tr.wikipedia
571,Gevherhan_Hatun,326,2026-09-25,tr.wikipedia
574,Hunad_Hatun,325,2026-09-25,tr.wikipedia
575,Melania_Trump,323,2026-09-25,tr.wikipedia
575,İbn_Sina,323,2026-09-25,tr.wikipedia
577,Trabzonspor_(futbol_takımı),322,2026-09-25,tr.wikipedia
577,Said_Nursî,322,2026-09-25,tr.wikipedia
577,Çağatay_Ulusoy,322,2026-09-25,tr.wikipedia
580,2026_EuroLeague_Dörtlü_Final,320,2026-09-25,tr.wikipedia
580,İlber_Ortaylı,320,2026-09-25,tr.wikipedia
580,İzmir'in_ilçeleri,320,2026-09-25,tr.wikipedia
583,Çifte_penetrasyon,319,2026-09-25,tr.wikipedia
583,Josef_Stalin,319,2026-09-25,tr.wikipedia
583,Mahidevran_Sultan,319,2026-09-25,tr.wikipedia
586,Alp_Arslan,318,2026-09-25,tr.wikipedia
586,I._Elizabeth,318,2026-09-25,tr.wikipedia
586,Türkiye'nin_askerî_rütbeleri,318,2026-09-25,tr.wikipedia
586,İshak_Paşa,318,2026-09-25,tr.wikipedia
586,İspanya,318,2026-09-25,tr.wikipedia
591,Bayramiç_beyazı,317,2026-09-25,tr.wikipedia
591,Necmettin_Erbakan,317,2026-09-25,tr.wikipedia
593,Barış_Manço,316,2026-09-25,tr.wikipedia
593,Pîrî_Reis,316,2026-09-25,tr.wikipedia
593,İsmail_Yüksek,316,2026-09-25,tr.wikipedia
596,Kum_kedisi,315,2026-09-25,tr.wikipedia
596,Numan_Kurtulmuş,315,2026-09-25,tr.wikipedia
598,Kanal_D,314,2026-09-25,tr.wikipedia
598,Abdülmecid_Efendi,314,2026-09-25,tr.wikipedia
600,Mehmet_Emin_Karamehmet,313,2026-09-25,tr.wikipedia
600,Crush_(müzik_grubu),313,2026-09-25,tr.wikipedia
600,Kategori:Türkiye_Cumhurbaşkanlığı_başdanışmanları,313,2026-09-25,tr.wikipedia
600,Kıbrıs_Cumhuriyeti,313,2026-09-25,tr.wikipedia
604,Canan_Dağdeviren,312,2026-09-25,tr.wikipedia
604,Has_Murad_Paşa,312,2026-09-25,tr.wikipedia
604,İstanbul'un_Fethi,312,2026-09-25,tr.wikipedia
607,Attila,311,2026-09-25,tr.wikipedia
607,Selçuk_Yula,311,2026-09-25,tr.wikipedia
609,III._Osman,310,2026-09-25,tr.wikipedia
610,Peng_Liyuan,309,2026-09-25,tr.wikipedia
611,Yemen_İç_Savaşı,308,2026-09-25,tr.wikipedia
612,Ahmet_Necdet_Sezer,307,2026-09-25,tr.wikipedia
612,Google,307,2026-09-25,tr.wikipedia
612,Rüstem_Paşa,307,2026-09-25,tr.wikipedia
612,Türkçe,307,2026-09-25,tr.wikipedia
616,Sigmund_Freud,306,2026-09-25,tr.wikipedia
616,Nihat_Kırmızı,306,2026-09-25,tr.wikipedia
616,Feyyaz_Şerifoğlu,306,2026-09-25,tr.wikipedia
616,Murat_Karayılan,306,2026-09-25,tr.wikipedia
620,Metin_Tokel,305,2026-09-25,tr.wikipedia
620,Kürdistan,305,2026-09-25,tr.wikipedia
620,Akşemseddin,305,2026-09-25,tr.wikipedia
623,Bizimkiler_bölümleri_listesi,304,2026-09-25,tr.wikipedia
623,Palamut_(balık),304,2026-09-25,tr.wikipedia
623,II._Süleyman_(Osmanlı_padişahı),304,2026-09-25,tr.wikipedia
623,Şehzade_Mehmed_(I._Süleyman'ın_oğlu),304,2026-09-25,tr.wikipedia
627,Türkiye_cumhurbaşkanı,303,2026-09-25,tr.wikipedia
627,Suriye,303,2026-09-25,tr.wikipedia
629,MobLand,302,2026-09-25,tr.wikipedia
630,Yüzüklerin_Efendisi_(film_serisi),301,2026-09-25,tr.wikipedia
630,Ali,301,2026-09-25,tr.wikipedia
630,Çaldıran_Muharebesi,301,2026-09-25,tr.wikipedia
633,Ayşe_Hafsa_Sultan,300,2026-09-25,tr.wikipedia
633,JİTEM,300,2026-09-25,tr.wikipedia
633,Beyran,300,2026-09-25,tr.wikipedia
633,Kategori:2026'da_ölenler,300,2026-09-25,tr.wikipedia
633,Oytun_Erbaş,300,2026-09-25,tr.wikipedia
633,Ümit_Özdağ,300,2026-09-25,tr.wikipedia
633,Jules_Koundé,300,2026-09-25,tr.wikipedia
640,Cansel_Elçin,299,2026-09-25,tr.wikipedia
640,Osmanlı_Hanedanı,299,2026-09-25,tr.wikipedia
640,Nurgül_Yeşilçay,299,2026-09-25,tr.wikipedia
643,Cemal_Gürsel,298,2026-09-25,tr.wikipedia
643,Suna_Kıraç,298,2026-09-25,tr.wikipedia
643,Türk_Hava_Kuvvetleri,298,2026-09-25,tr.wikipedia
643,Vecihi_Hürkuş,298,2026-09-25,tr.wikipedia
643,Roma_İmparatorluğu,298,2026-09-25,tr.wikipedia
648,Akın_Öztürk,297,2026-09-25,tr.wikipedia
648,Engin_Nurşani,297,2026-09-25,tr.wikipedia
648,Hatice_Sultan_(I._Selim'in_kızı),297,2026-09-25,tr.wikipedia
651,Merih_Öztürk,296,2026-09-25,tr.wikipedia
652,Sena_Şener,295,2026-09-25,tr.wikipedia
653,Serenay_Sarıkaya,294,2026-09-25,tr.wikipedia
653,Beşiktaş_(basketbol_takımı),294,2026-09-25,tr.wikipedia
653,Osman_Hamdi_Bey,294,2026-09-25,tr.wikipedia
656,Dersim_İsyanı,293,2026-09-25,tr.wikipedia
657,Irak_ve_Şam_İslam_Devleti,292,2026-09-25,tr.wikipedia
657,Halit_Ergenç,292,2026-09-25,tr.wikipedia
657,Ignas_Sargiūnas,292,2026-09-25,tr.wikipedia
657,Will_Smith,292,2026-09-25,tr.wikipedia
657,G,292,2026-09-25,tr.wikipedia
662,Vikipedi:Tarihte_bugün,291,2026-09-25,tr.wikipedia
662,Emin_Olcay,291,2026-09-25,tr.wikipedia
664,İsviçre,290,2026-09-25,tr.wikipedia
664,Justin.tv,290,2026-09-25,tr.wikipedia
664,Kartal_Tibet,290,2026-09-25,tr.wikipedia
664,Afife_Jale,290,2026-09-25,tr.wikipedia
664,Türkiye_devlet_protokolü,290,2026-09-25,tr.wikipedia
664,Gürcistan,290,2026-09-25,tr.wikipedia
664,Koç_ailesi,290,2026-09-25,tr.wikipedia
664,Bradley_Barcola,290,2026-09-25,tr.wikipedia
672,Erdal_Eren,289,2026-09-25,tr.wikipedia
672,Bilal_Erdoğan,289,2026-09-25,tr.wikipedia
672,Yağmur_Atacan,289,2026-09-25,tr.wikipedia
672,Eşkıya_Dünyaya_Hükümdar_Olmaz_karakterleri_listesi,289,2026-09-25,tr.wikipedia
676,Türkiye_kadın_millî_voleybol_takımı,288,2026-09-25,tr.wikipedia
676,Muna_el-Hüseyin,288,2026-09-25,tr.wikipedia
678,Amerika_Birleşik_Devletleri_başkanları_listesi,287,2026-09-25,tr.wikipedia
679,Show_TV,286,2026-09-25,tr.wikipedia
679,Sakıp_Sabancı,286,2026-09-25,tr.wikipedia
679,Barış_Boyun,286,2026-09-25,tr.wikipedia
682,Nevzat_Aydın,285,2026-09-25,tr.wikipedia
682,Çorum_FK,285,2026-09-25,tr.wikipedia
682,Karamanoğulları_Beyliği,285,2026-09-25,tr.wikipedia
685,Aras_Bulut_İynemli,284,2026-09-25,tr.wikipedia
685,Kesire_Yıldırım,284,2026-09-25,tr.wikipedia
685,Japonya,284,2026-09-25,tr.wikipedia
688,Arka_Sokaklar_karakterleri_listesi,283,2026-09-25,tr.wikipedia
689,Koç_Holding,282,2026-09-25,tr.wikipedia
689,Yaşar_Nuri_Öztürk,282,2026-09-25,tr.wikipedia
689,Jeffrey_Dahmer,282,2026-09-25,tr.wikipedia
692,Singapur,281,2026-09-25,tr.wikipedia
692,T._J._Shorts,281,2026-09-25,tr.wikipedia
694,Ürdün,280,2026-09-25,tr.wikipedia
694,Şehzade_Cihangir,280,2026-09-25,tr.wikipedia
694,İngiltere,280,2026-09-25,tr.wikipedia
694,Abdullah_Ercan,280,2026-09-25,tr.wikipedia
698,Usame_bin_Ladin'in_öldürülmesi,279,2026-09-25,tr.wikipedia
698,Kemal_Sunal_filmografisi,279,2026-09-25,tr.wikipedia
698,Blok3,279,2026-09-25,tr.wikipedia
698,Meslekler_listesi,279,2026-09-25,tr.wikipedia
698,2026_İran_Savaşı,279,2026-09-25,tr.wikipedia
698,Oktay_Sinanoğlu,279,2026-09-25,tr.wikipedia
704,Kızıl_Goncalar,278,2026-09-25,tr.wikipedia
704,Görkem_Sevindik,278,2026-09-25,tr.wikipedia
704,Manu_Koné,278,2026-09-25,tr.wikipedia
704,Mücteba_Hamenei,278,2026-09-25,tr.wikipedia
704,Mastürbasyon,278,2026-09-25,tr.wikipedia
704,Sezai_Karakoç,278,2026-09-25,tr.wikipedia
710,Bir_Zamanlar_Çukurova,277,2026-09-25,tr.wikipedia
710,Çirkin_(dizi),277,2026-09-25,tr.wikipedia
710,Kadir_Mısıroğlu,277,2026-09-25,tr.wikipedia
710,Ömer_Fahreddin_Türkkan,277,2026-09-25,tr.wikipedia
710,Osman_Pamukoğlu,277,2026-09-25,tr.wikipedia
715,İbrahim_Hacıosmanoğlu,276,2026-09-25,tr.wikipedia
715,Fazilet_Hanım_ve_Kızları,276,2026-09-25,tr.wikipedia
715,Çeçenistan,276,2026-09-25,tr.wikipedia
718,Avrupa,275,2026-09-25,tr.wikipedia
718,Nâzım_Hikmet,275,2026-09-25,tr.wikipedia
718,Hamdi_Alkan,275,2026-09-25,tr.wikipedia
718,Instagram,275,2026-09-25,tr.wikipedia
722,Müge_Anlı,274,2026-09-25,tr.wikipedia
722,Orkun_Kökçü,274,2026-09-25,tr.wikipedia
724,Mehmet_Aydın_(Çiftlik_Bank_kurucusu),273,2026-09-25,tr.wikipedia
724,Kurtlar_Vadisi_Pusu_bölümleri_listesi,273,2026-09-25,tr.wikipedia
726,Karasu_Kalesi,272,2026-09-25,tr.wikipedia
726,Ülke_bayrakları_listesi,272,2026-09-25,tr.wikipedia
728,Susurluk_Kazası,271,2026-09-25,tr.wikipedia
728,Çukur_(dizi),271,2026-09-25,tr.wikipedia
728,1xBet,271,2026-09-25,tr.wikipedia
728,Dursun_Özbek,271,2026-09-25,tr.wikipedia
732,Filistin,270,2026-09-25,tr.wikipedia
732,Lamine_Yamal,270,2026-09-25,tr.wikipedia
732,X_(sosyal_ağ),270,2026-09-25,tr.wikipedia
732,Bulgaristan,270,2026-09-25,tr.wikipedia
732,Hu_Cintao,270,2026-09-25,tr.wikipedia
732,Milliyetçi_Hareket_Partisi,270,2026-09-25,tr.wikipedia
738,Sezen_Aksu,269,2026-09-25,tr.wikipedia
738,Ahmed_eş-Şara,269,2026-09-25,tr.wikipedia
738,Adnan_Kahveci,269,2026-09-25,tr.wikipedia
741,Arjantin,268,2026-09-25,tr.wikipedia
741,Engin_Arık,268,2026-09-25,tr.wikipedia
741,Ajda_Pekkan,268,2026-09-25,tr.wikipedia
744,Cüneyt_Arkın,267,2026-09-25,tr.wikipedia
744,Çanakkale_Savaşı,267,2026-09-25,tr.wikipedia
744,Vietnam,267,2026-09-25,tr.wikipedia
744,Malezya,267,2026-09-25,tr.wikipedia
744,Ezel_(dizi),267,2026-09-25,tr.wikipedia
749,2026_Amerika_Birleşik_Devletleri_seçimleri,266,2026-09-25,tr.wikipedia
749,Mısır,266,2026-09-25,tr.wikipedia
749,İlker_Başbuğ,266,2026-09-25,tr.wikipedia
749,Anilingus,266,2026-09-25,tr.wikipedia
749,Tarık_Akan,266,2026-09-25,tr.wikipedia
749,Yaşar_Kemal,266,2026-09-25,tr.wikipedia
755,Avengers:_Endgame,265,2026-09-25,tr.wikipedia
755,Mimar_Sinan,265,2026-09-25,tr.wikipedia
755,Masonluk,265,2026-09-25,tr.wikipedia
755,Barbaros_Hayreddin_Paşa,265,2026-09-25,tr.wikipedia
755,Mehmet_Âkif_Ersoy,265,2026-09-25,tr.wikipedia
755,Afganistan,265,2026-09-25,tr.wikipedia
761,Süper_Baba_(dizi),264,2026-09-25,tr.wikipedia
761,7_Ekim_saldırıları,264,2026-09-25,tr.wikipedia
761,Saddam_Hüseyin,264,2026-09-25,tr.wikipedia
761,Endonezya,264,2026-09-25,tr.wikipedia
765,Türkiye_millî_futbol_takımı_futbolcuları_listesi,263,2026-09-25,tr.wikipedia
765,Nusret_Arsel,263,2026-09-25,tr.wikipedia
765,Beşiktaş_JK,263,2026-09-25,tr.wikipedia
765,İpek_Kıraç,263,2026-09-25,tr.wikipedia
765,Seda_Sayan,263,2026-09-25,tr.wikipedia
765,Désiré_Doué,263,2026-09-25,tr.wikipedia
765,Teşkilat_karakterleri_listesi,263,2026-09-25,tr.wikipedia
765,Sevinç_Kıranlı,263,2026-09-25,tr.wikipedia
773,Ahlat_Ağacı,262,2026-09-25,tr.wikipedia
773,Özel_Kuvvetler_Komutanlığı,262,2026-09-25,tr.wikipedia
775,Bosna-Hersek,261,2026-09-25,tr.wikipedia
775,Polonya,261,2026-09-25,tr.wikipedia
775,27_Mayıs_Darbesi,261,2026-09-25,tr.wikipedia
775,2032_Avrupa_Futbol_Şampiyonası,261,2026-09-25,tr.wikipedia
775,Sabahattin_Ali,261,2026-09-25,tr.wikipedia
780,Antalya'nın_ilçeleri,260,2026-09-25,tr.wikipedia
780,Serdal_Adalı,260,2026-09-25,tr.wikipedia
780,Mehmet_Kemal_Yazıcıoğlu,260,2026-09-25,tr.wikipedia
780,İdil_Biret,260,2026-09-25,tr.wikipedia
780,Kâzım_Karabekir,260,2026-09-25,tr.wikipedia
780,Michael_Jackson,260,2026-09-25,tr.wikipedia
786,"Yaprak_Dökümü_(dizi,_2006)",259,2026-09-25,tr.wikipedia
786,2026-27_Süper_Lig,259,2026-09-25,tr.wikipedia
786,Hong_Kong,259,2026-09-25,tr.wikipedia
786,Türk_halkları,259,2026-09-25,tr.wikipedia
790,Gönül_Dağı,258,2026-09-25,tr.wikipedia
790,Mehmet_Aslan_(1983_doğumlu_oyuncu),258,2026-09-25,tr.wikipedia
790,Ahmet_Özhan,258,2026-09-25,tr.wikipedia
793,Isaac_Newton,257,2026-09-25,tr.wikipedia
793,Cengiz_Ünder,257,2026-09-25,tr.wikipedia
793,Güneş_Sistemi,257,2026-09-25,tr.wikipedia
793,Faruk_Fatih_Özer,257,2026-09-25,tr.wikipedia
793,Moğol_İmparatorluğu,257,2026-09-25,tr.wikipedia
793,Vladimir_Putin,257,2026-09-25,tr.wikipedia
793,Suriye_İç_Savaşı,257,2026-09-25,tr.wikipedia
793,Çernobil_Faciası,257,2026-09-25,tr.wikipedia
793,Gregor_Mendel,257,2026-09-25,tr.wikipedia
802,Sydney_Sweeney,256,2026-09-25,tr.wikipedia
802,Ali_Sürmeli,256,2026-09-25,tr.wikipedia
802,Hasan_Sabbah,256,2026-09-25,tr.wikipedia
805,İç_dudaklar,255,2026-09-25,tr.wikipedia
805,Arka_Sokaklar_bölümleri_listesi,255,2026-09-25,tr.wikipedia
805,Müslüm_Gürses,255,2026-09-25,tr.wikipedia
808,İlkin_Aydın,254,2026-09-25,tr.wikipedia
808,Homoti,254,2026-09-25,tr.wikipedia
808,Rebecca_Rigg,254,2026-09-25,tr.wikipedia
808,Tom_Hardy,254,2026-09-25,tr.wikipedia
812,Sitare_Akbaş,253,2026-09-25,tr.wikipedia
812,Zehra_Güneş,253,2026-09-25,tr.wikipedia
812,Vietnam_Savaşı,253,2026-09-25,tr.wikipedia
812,29_Ekim_Cumhuriyet_Bayramı,253,2026-09-25,tr.wikipedia
812,Gazzâlî,253,2026-09-25,tr.wikipedia
817,Kunnilingus,252,2026-09-25,tr.wikipedia
817,Sakallı_Nureddin_Paşa,252,2026-09-25,tr.wikipedia
817,Safiye_Sultan,252,2026-09-25,tr.wikipedia
817,El-Kaide,252,2026-09-25,tr.wikipedia
817,Mason_Greenwood,252,2026-09-25,tr.wikipedia
817,İbrahim_Kaypakkaya,252,2026-09-25,tr.wikipedia
823,Stamford_Köprüsü_Muharebesi,251,2026-09-25,tr.wikipedia
823,Nuri_Aslan,251,2026-09-25,tr.wikipedia
823,Mahir_Çayan,251,2026-09-25,tr.wikipedia
823,Şebnem_Ferah,251,2026-09-25,tr.wikipedia
823,Hudutsuz_Sevda,251,2026-09-25,tr.wikipedia
828,Mehmet_Ali_Ağca,250,2026-09-25,tr.wikipedia
828,Türk_bayrağı,250,2026-09-25,tr.wikipedia
828,İslam,250,2026-09-25,tr.wikipedia
828,Türk_alfabesi,250,2026-09-25,tr.wikipedia
828,Selim_Bayraktar,250,2026-09-25,tr.wikipedia
828,Leonardo_da_Vinci,250,2026-09-25,tr.wikipedia
828,TRT_1,250,2026-09-25,tr.wikipedia
835,Kemal_Kılıçdaroğlu,249,2026-09-25,tr.wikipedia
835,Mao_Zedong,249,2026-09-25,tr.wikipedia
835,Sevgi_Gönül,249,2026-09-25,tr.wikipedia
835,Vikipedi:Hakkında,249,2026-09-25,tr.wikipedia
835,Mesud_Pezeşkiyan,249,2026-09-25,tr.wikipedia
840,Periyodik_tablo,248,2026-09-25,tr.wikipedia
840,Mona_Lisa,248,2026-09-25,tr.wikipedia
842,Hindistan,247,2026-09-25,tr.wikipedia
842,Türkevi,247,2026-09-25,tr.wikipedia
842,İbrahim_Şahin_(polis),247,2026-09-25,tr.wikipedia
842,Türkiye'deki_bankalar_listesi,247,2026-09-25,tr.wikipedia
846,Jeffrey_Epstein,246,2026-09-25,tr.wikipedia
846,1999_Gölcük_depremi,246,2026-09-25,tr.wikipedia
846,Mahsun_Kırmızıgül,246,2026-09-25,tr.wikipedia
846,Fahriye_Evcen,246,2026-09-25,tr.wikipedia
846,Neymar,246,2026-09-25,tr.wikipedia
846,Korku_Terapisi,246,2026-09-25,tr.wikipedia
846,Mutlu_Güney,246,2026-09-25,tr.wikipedia
846,Türk_Hava_Yolları,246,2026-09-25,tr.wikipedia
846,Ahameniş_İmparatorluğu,246,2026-09-25,tr.wikipedia
855,Ceren_Moray,245,2026-09-25,tr.wikipedia
855,Misyoner_pozisyonu,245,2026-09-25,tr.wikipedia
855,Şefkat_Tepe,245,2026-09-25,tr.wikipedia
855,Scottie_Wilbekin,245,2026-09-25,tr.wikipedia
859,Minecraft,244,2026-09-25,tr.wikipedia
859,Hasan_Tahsin_Paşa,244,2026-09-25,tr.wikipedia
859,Süleymaniye_Camii,244,2026-09-25,tr.wikipedia
859,Ali_Yasak,244,2026-09-25,tr.wikipedia
859,Irak,244,2026-09-25,tr.wikipedia
864,Oğuzlar,243,2026-09-25,tr.wikipedia
864,Akın_Akınözü,243,2026-09-25,tr.wikipedia
864,Nuri_Bilge_Ceylan,243,2026-09-25,tr.wikipedia
864,Garanti_BBVA,243,2026-09-25,tr.wikipedia
864,Hayko_Cepkin,243,2026-09-25,tr.wikipedia
869,Oktay_Kaynarca,242,2026-09-25,tr.wikipedia
869,Kuzey_Vargın,242,2026-09-25,tr.wikipedia
869,Matcha,242,2026-09-25,tr.wikipedia
869,Göde_Ahmed,242,2026-09-25,tr.wikipedia
869,Golan_Tepeleri,242,2026-09-25,tr.wikipedia
874,Semih_Saygıner,241,2026-09-25,tr.wikipedia
874,Timur_İmparatorluğu,241,2026-09-25,tr.wikipedia
874,MİT_TIR'ları_skandalı,241,2026-09-25,tr.wikipedia
874,Çocuklar_Duymasın,241,2026-09-25,tr.wikipedia
874,Bir_sonraki_Türkiye_cumhurbaşkanlığı_seçimi_için_yapılan_anketler,241,2026-09-25,tr.wikipedia
874,Halit_Akçatepe,241,2026-09-25,tr.wikipedia
874,Bîrûnî,241,2026-09-25,tr.wikipedia
874,Red_John,241,2026-09-25,tr.wikipedia
874,Serkan_Çayoğlu,241,2026-09-25,tr.wikipedia
883,Türk_Kara_Kuvvetlerindeki_askerî_birliklerin_listesi,240,2026-09-25,tr.wikipedia
883,Karagöz_ve_Hacivat,240,2026-09-25,tr.wikipedia
883,ASALA,240,2026-09-25,tr.wikipedia
883,Nesim_Malki,240,2026-09-25,tr.wikipedia
883,Nihat_Genç,240,2026-09-25,tr.wikipedia
883,Malazgirt_Meydan_Muharebesi,240,2026-09-25,tr.wikipedia
883,İzmit,240,2026-09-25,tr.wikipedia
883,Özgü_Namal,240,2026-09-25,tr.wikipedia
883,Mehmet_Cengiz,240,2026-09-25,tr.wikipedia
892,Deli_Yürek,239,2026-09-25,tr.wikipedia
892,Türkiye-PKK_çatışması,239,2026-09-25,tr.wikipedia
892,Vladimir_Lenin,239,2026-09-25,tr.wikipedia
892,Cezayir,239,2026-09-25,tr.wikipedia
892,Šarūnas_Jasikevičius,239,2026-09-25,tr.wikipedia
892,Brazzers,239,2026-09-25,tr.wikipedia
898,Afra_Saraçoğlu,238,2026-09-25,tr.wikipedia
898,Orgeneral,238,2026-09-25,tr.wikipedia
898,Kuzey_Makedonya,238,2026-09-25,tr.wikipedia
898,Tuncel_Kurtiz,238,2026-09-25,tr.wikipedia
898,Avrupa_Yakası,238,2026-09-25,tr.wikipedia
903,Hamza_Yerlikaya,237,2026-09-25,tr.wikipedia
903,Muhteşem_Yüzyıl_karakterleri_listesi,237,2026-09-25,tr.wikipedia
903,Mia_Khalifa,237,2026-09-25,tr.wikipedia
903,Basketbol_Süper_Ligi,237,2026-09-25,tr.wikipedia
903,Sevim_Tanürek,237,2026-09-25,tr.wikipedia
908,Ermenistan,236,2026-09-25,tr.wikipedia
908,Jürgen_Klopp,236,2026-09-25,tr.wikipedia
908,Latife_Uşşakî,236,2026-09-25,tr.wikipedia
908,Selçuk_Özdağ,236,2026-09-25,tr.wikipedia
908,II._Viyana_Kuşatması,236,2026-09-25,tr.wikipedia
908,Aziz_Mahmud_Hüdâyî,236,2026-09-25,tr.wikipedia
908,Ted_Bundy,236,2026-09-25,tr.wikipedia
908,Belçika,236,2026-09-25,tr.wikipedia
908,Uğur_Şahin,236,2026-09-25,tr.wikipedia
917,Mesut_Yılmaz,235,2026-09-25,tr.wikipedia
917,Hearts_of_Iron_IV,235,2026-09-25,tr.wikipedia
917,Bitirimler_Sosyetede,235,2026-09-25,tr.wikipedia
917,Turkuvaz_Medya_Grubu,235,2026-09-25,tr.wikipedia
917,Tansu_Çiller,235,2026-09-25,tr.wikipedia
917,Sadberk_Koç,235,2026-09-25,tr.wikipedia
923,Vulva,234,2026-09-25,tr.wikipedia
923,Malta,234,2026-09-25,tr.wikipedia
923,James_Franklin_Jeffrey,234,2026-09-25,tr.wikipedia
923,Yeni_Ankara_19_Mayıs_Stadyumu,234,2026-09-25,tr.wikipedia
923,Devlet_Bahçeli,234,2026-09-25,tr.wikipedia
928,Trendyol,233,2026-09-25,tr.wikipedia
928,Muhammed_Ali,233,2026-09-25,tr.wikipedia
928,Ümit_Dündar,233,2026-09-25,tr.wikipedia
928,2023_Türkiye_cumhurbaşkanlığı_seçimi,233,2026-09-25,tr.wikipedia
928,İzmir,233,2026-09-25,tr.wikipedia
928,Selma_Ergeç,233,2026-09-25,tr.wikipedia
928,Köpek_pozisyonu,233,2026-09-25,tr.wikipedia
928,Bensu_Soral,233,2026-09-25,tr.wikipedia
928,Tayvan,233,2026-09-25,tr.wikipedia
928,Ayasofya,233,2026-09-25,tr.wikipedia
928,Fellasyo,233,2026-09-25,tr.wikipedia
928,Kategori:Pornografik_film_oyuncu_taslakları,233,2026-09-25,tr.wikipedia
928,Sibel_Taşçıoğlu,233,2026-09-25,tr.wikipedia
941,Selçukşah_Begüm,232,2026-09-25,tr.wikipedia
941,Orhun_Yazıtları,232,2026-09-25,tr.wikipedia
941,Türk_Deniz_Kuvvetleri,232,2026-09-25,tr.wikipedia
941,Nihat_Kahveci,232,2026-09-25,tr.wikipedia
941,Abdülkâdir_Geylânî,232,2026-09-25,tr.wikipedia
941,Zafer_Ergin,232,2026-09-25,tr.wikipedia
941,Devrim_Özkan,232,2026-09-25,tr.wikipedia
948,XXX_(film_serisi),231,2026-09-25,tr.wikipedia
948,Ruhi_Çenet,231,2026-09-25,tr.wikipedia
948,Marcus_Claudius_Tacitus,231,2026-09-25,tr.wikipedia
948,Melike_Güner,231,2026-09-25,tr.wikipedia
948,Thomas_Edison,231,2026-09-25,tr.wikipedia
948,Dušan_Vlahović,231,2026-09-25,tr.wikipedia
954,Mauro_Icardi,230,2026-09-25,tr.wikipedia
954,Nuh'un_Gemisi,230,2026-09-25,tr.wikipedia
954,İstanbul_Havalimanı,230,2026-09-25,tr.wikipedia
954,Almanya'daki_şehirler_listesi,230,2026-09-25,tr.wikipedia
954,Muhammed_Cangören,230,2026-09-25,tr.wikipedia
954,Tayfun_(füze),230,2026-09-25,tr.wikipedia
954,Şevket_Çoruh,230,2026-09-25,tr.wikipedia
954,Harun_Osmanoğlu,230,2026-09-25,tr.wikipedia
954,Çerkez_Ethem,230,2026-09-25,tr.wikipedia
954,Cemal_Paşa,230,2026-09-25,tr.wikipedia
964,N'Golo_Kanté,229,2026-09-25,tr.wikipedia
964,Camulodunum,229,2026-09-25,tr.wikipedia
964,Dünya,229,2026-09-25,tr.wikipedia
964,2024_Avrupa_Futbol_Şampiyonası,229,2026-09-25,tr.wikipedia
964,Robin_Tunney,229,2026-09-25,tr.wikipedia
964,Bülent_Ersoy,229,2026-09-25,tr.wikipedia
964,Özlem_Türeci,229,2026-09-25,tr.wikipedia
964,MasterChef_Türkiye,229,2026-09-25,tr.wikipedia
972,Adrien_Truffert,228,2026-09-25,tr.wikipedia
972,Topal_Osman,228,2026-09-25,tr.wikipedia
972,Diyarbakırspor,228,2026-09-25,tr.wikipedia
975,Turhan_Çömez,227,2026-09-25,tr.wikipedia
975,Mora_Yarımadası,227,2026-09-25,tr.wikipedia
975,Muhyiddin_İbnü'l-Arabî,227,2026-09-25,tr.wikipedia
978,Murat_Yıldırım_(oyuncu),226,2026-09-25,tr.wikipedia
978,İskilipli_Âtıf_Hoca,226,2026-09-25,tr.wikipedia
978,Giorgia_Meloni,226,2026-09-25,tr.wikipedia
978,Abidin_Yerebakan,226,2026-09-25,tr.wikipedia
978,Yavuz_Çetin,226,2026-09-25,tr.wikipedia
978,UEFA_Şampiyonlar_Ligi_finalleri_listesi,226,2026-09-25,tr.wikipedia
978,Breaking_Bad,226,2026-09-25,tr.wikipedia
985,Alevilik,225,2026-09-25,tr.wikipedia
985,Cevdet_Sunay,225,2026-09-25,tr.wikipedia
985,Atv_tarafından_yayınlanan_programlar_listesi,225,2026-09-25,tr.wikipedia
985,Elon_Musk,225,2026-09-25,tr.wikipedia
985,Bursa,225,2026-09-25,tr.wikipedia
985,Yakub_(Akkoyunlu),225,2026-09-25,tr.wikipedia
985,Ankara_Muharebesi,225,2026-09-25,tr.wikipedia
